<?xml version='1.0' encoding='utf-8' standalone='yes' ?>
<map>
    <int name="ModChaSendBKColor" value="-15000805" />
    <int name="quoted_text_picker" value="-1" />
    <int name="aeroprimekartRadius" value="12" />
    <boolean name="disable_hiddenchat_access" value="false" />
    <boolean name="my_statusd" value="false" />
    <boolean name="imsHideVStatus" value="false" />
    <boolean name="ModContactNameColor_Gactive" value="false" />
    <string name="aero_toast_pozisyon">0</string>
    <boolean name="date_bubble_color_picker_Gactive" value="false" />
    <int name="chat_icon_bg_forward_picker" value="-15000805" />
    <boolean name="Conv_call_btn" value="false" />
    <boolean name="ModFabTextColor_Gactive" value="false" />
    <boolean name="Hide_div" value="false" />
    <string name="aero_ikondegistir_silinenmesaj">0</string>
    <boolean name="isSwipeEnabled" value="false" />
    <boolean name="AeroOzelSimgeKullan_Kamera" value="false" />
    <string name="hazar_bozkurt_hikaye_fix">0</string>
    <boolean name="HomeBarText_Gactive" value="false" />
    <string name="AeroAyricaliklariTasarim">5</string>
    <int name="ModWdgTitleColor" value="-16726785" />
    <string name="AeroListelenmeEfekti">0</string>
    <boolean name="onlinechat" value="false" />
    <boolean name="enable_fivminstatus" value="false" />
    <string name="ui_home_styleV2">1</string>
    <string name="ui_home_styleV3">ios</string>
    <boolean name="ModFabBgColor_Gactive" value="false" />
    <string name="convostyle">1</string>
    <int name="HomeCounterBK" value="-16726785" />
    <int name="ModChatBubbleTextLeft" value="-1" />
    <boolean name="enable_grp_separationV2" value="true" />
    <int name="quoted_divider_picker" value="-16726785" />
    <boolean name="chat_contactpicV2" value="false" />
    <boolean name="chats_row_divider_picker_Gactive" value="false" />
    <int name="ModFabTextColor" value="-16777216" />
    <boolean name="key_counter_tx_Gactive" value="false" />
    <boolean name="ModConTextColor_Gactive" value="false" />
    <boolean name="group_mypicV2" value="false" />
    <int name="ModConBackColor" value="-16316665" />
    <boolean name="yo_hideinfo" value="true" />
    <boolean name="Hide_contact_picker_section_recent_chats" value="false" />
    <int name="chats_date_pending_color_picker" value="-16726785" />
    <int name="key_counter_tx" value="-1" />
    <int name="HomeCounterText" value="-16777216" />
    <string name="aero_ikondegistir_alttab1">0</string>
    <string name="aero_ikondegistir_alttab2">0</string>
    <boolean name="tabadgeBKColor_Gactive" value="false" />
    <int name="ModFabBgColor" value="1308622848" />
    <boolean name="ArsivKartCizgiGizle2" value="true" />
    <boolean name="hide_profile" value="true" />
    <boolean name="HizliIletisimArkaplan_Gactive" value="false" />
    <boolean name="onlineDotchat" value="true" />
    <int name="ModChatBubbleHyperlinks" value="-16726785" />
    <boolean name="sekmeleri_gizle" value="false" />
    <int name="ModlastseenColor" value="-1" />
    <boolean name="Hide_contact_picker_section_frequent_chats" value="false" />
    <int name="ModDarkConPickColorNav" value="-16777216" />
    <boolean name="ArsivKartCizgiGizle1" value="true" />
    <int name="BGColor" value="-16777216" />
    <boolean name="pagetitle_picker_Gactive" value="false" />
    <boolean name="statuschat" value="true" />
    <boolean name="quoted_divider_picker_Gactive" value="false" />
    <string name="aero_ikondegistir_yenisohbet">2</string>
    <string name="aero_ikondegistir_tabkamera">0</string>
    <int name="ModChatEmojiColor" value="-1" />
    <boolean name="ModChaSendColor_Gactive" value="false" />
    <int name="ModChaSendColor" value="-16726785" />
    <int name="pagetitle_sel_picker" value="-16726785" />
    <boolean name="ModDarkConPickColorNav_Gactive" value="false" />
    <boolean name="ArsivlerKartBorderWidth" value="false" />
    <int name="ModChatColor" value="-16777216" />
    <int name="tabadgeBKColor" value="-16726785" />
    <string name="ui_home_style">1</string>
    <boolean name="emojipopup_header_Gactive" value="false" />
    <boolean name="HomeCounterBK_Gactive" value="false" />
    <boolean name="home_imgBK" value="false" />
    <boolean name="quoted_name_picker_Gactive" value="false" />
    <string name="aero_hazar_elegantmod">0</string>
    <string name="AeroHikayeTasarim">0</string>
    <boolean name="aero_blur_etkin" value="false" />
    <boolean name="custom_wall_profilepic" value="false" />
    <string name="hazar_bozkurt_aero_hizlikisiler">1</string>
    <boolean name="chat_icon_bg_forward_picker_Gactive" value="false" />
    <boolean name="ModWdgTitleColor_Gactive" value="false" />
    <boolean name="date_right_color_Gactive" value="false" />
    <int name="tabadgeTextColor" value="-1" />
    <string name="ConvoEntry">24</string>
    <int name="HizliIletisimCizgi" value="-16726785" />
    <int name="ModConColor" value="-16777216" />
    <boolean name="chats_show_contact_online_toast_check" value="true" />
    <string name="tick_style">ios</string>
    <boolean name="SohbetFabGizle" value="true" />
    <boolean name="hide_fab" value="true" />
    <string name="aero_ikondegistir_yenidurum1">0</string>
    <string name="aero_ikondegistir_yenidurum2">0</string>
    <int name="tabindicator" value="0" />
    <boolean name="HizliIletisimCizgi_Gactive" value="false" />
    <boolean name="aero_hikaye_bildirimi" value="false" />
    <boolean name="imsHideMStatus" value="false" />
    <boolean name="ModChatTextColor_Gactive" value="false" />
    <string name="ui_bottom_style">ios</string>
    <boolean name="my_name" value="false" />
    <int name="pagetitle_picker" value="-1" />
    <boolean name="TxtSelect" value="false" />
    <string name="aero_ikondegistir_gecemod">0</string>
    <boolean name="hide_action_a" value="false" />
    <boolean name="hide_action_b" value="false" />
    <boolean name="ModFabPressedColor_Gactive" value="false" />
    <int name="HizliIletisimIkon" value="-1" />
    <boolean name="quoted_text_picker_Gactive" value="false" />
    <boolean name="key_name_stories_Gactive" value="false" />
    <string name="hazar_bozkurt_arama_fix">0</string>
    <string name="home">91</string>
    <boolean name="ModConPickColor_Gactive" value="false" />
    <string name="HomeEntry">telegram</string>
    <string name="aero_pro_stil_fix">0</string>
    <boolean name="statuses_bar_text_picker_Gactive" value="false" />
    <string name="hazar_bozkurt_sesler_gelenmesaj">0</string>
    <boolean name="HizliIletisimIkon_Gactive" value="false" />
    <int name="date_divider_color_picker" value="-1" />
    <int name="main_text" value="17" />
    <boolean name="ModChatRightBubble_Gactive" value="false" />
    <boolean name="ModConColor_Gactive" value="false" />
    <int name="text_size_pick" value="15" />
    <int name="key_name_stories" value="-1" />
    <int name="ModChatBubbleText" value="-1" />
    <int name="rvkdmsg_icon_color" value="-16726785" />
    <string name="aero_hazar_hikaye_ekrani">0</string>
    <string name="hazar_bozkurt_sesler_gecis2">0</string>
    <string name="hazar_bozkurt_sesler_gecis1">0</string>
    <int name="emojipopup_icons" value="-1" />
    <int name="chats_row_divider_picker" value="-13027015" />
    <int name="ModFabNormalColor" value="-16726785" />
    <boolean name="hide_action_l" value="false" />
    <int name="ModContactNameColor" value="-1" />
    <boolean name="hide_action_m" value="false" />
    <boolean name="ModWdgStatusColor_Gactive" value="false" />
    <int name="HizliIletisimIsim" value="-16726785" />
    <boolean name="Audio_sensor" value="true" />
    <int name="ArsivlerKartRadius" value="12" />
    <int name="UnSeenColor" value="-16726785" />
    <boolean name="tabadgeTextColor_Gactive" value="false" />
    <string name="hazar_bozkurt_sesler_seskayitbasla">0</string>
    <boolean name="BGColor_Gactive" value="false" />
    <int name="date_right_color" value="-1" />
    <int name="emojipopup_body" value="-15000805" />
    <boolean name="NameProf" value="false" />
    <boolean name="ModChatEmojiColor_Gactive" value="false" />
    <boolean name="emojipopup_body_Gactive" value="false" />
    <boolean name="ModChatBtnColor_Gactive" value="false" />
    <int name="ModChatRightBubble" value="-15000805" />
    <int name="AeroCevrimiciNoktaBoyut" value="14" />
    <boolean name="HizliIletisimMetin_Gactive" value="false" />
    <boolean name="ModChaSendBKColor_Gactive" value="false" />
    <int name="ModChatLeftBubble" value="-15000805" />
    <string name="aero_toast_sure">0</string>
    <boolean name="pagetitle_sel_picker_Gactive" value="false" />
    <boolean name="chat_icon_forward_picker_Gactive" value="false" />
    <boolean name="yo_want_airplanemode" value="true" />
    <int name="ModDarkConPickColor" value="-16777216" />
    <int name="ModConTextColor" value="-1" />
    <boolean name="chat_mypicV2" value="false" />
    <int name="HizliIletisimMetin" value="-16726785" />
    <int name="HizliIletisimArkaplan" value="-16726785" />
    <boolean name="key_with_thumb" value="false" />
    <boolean name="chats_date_pending_color_picker_Gactive" value="false" />
    <boolean name="ModOnlineColor_Gactive" value="false" />
    <boolean name="PicProf" value="false" />
    <boolean name="date_divider_color_picker_Gactive" value="false" />
    <int name="chat_icon_forward_picker" value="-1" />
    <string name="hazar_bozkurt_sesler_seskayitdurdur">0</string>
    <string name="aero_tab_metinsiz_tasarim">0</string>
    <boolean name="SeenColor_Gactive" value="false" />
    <boolean name="btn_voice_color_chat_picker_Gactive" value="false" />
    <boolean name="aero_tab_metin_tasarim" value="false" />
    <boolean name="SifrelemeDogrulamaGizle" value="true" />
    <boolean name="ModChatColor_Gactive" value="false" />
    <string name="bubble_style">aerosohbetbaloncuk30</string>
    <int name="ModChatBtnColor" value="-1" />
    <boolean name="ModChatLeftBubble_Gactive" value="false" />
    <string name="pic_startlocation">1</string>
    <boolean name="AttBt" value="false" />
    <boolean name="pic_inside" value="false" />
    <boolean name="HomeCounterText_Gactive" value="false" />
    <boolean name="AeroOzelSimgeKullan_ArsivlenmisSohbetler" value="false" />
    <int name="date_left_color" value="-1" />
    <string name="aero_ikondegistir_yeniaramalar1">0</string>
    <string name="aero_ikondegistir_yeniaramalar2">0</string>
    <boolean name="ModDarkConPickColor_Gactive" value="false" />
    <boolean name="ModChatBubbleText_Gactive" value="false" />
    <int name="date_bubble_color_picker" value="-15000805" />
    <int name="seekbar_color_chat_picker" value="-1" />
    <int name="ModFabPressedColor" value="-16726785" />
    <boolean name="HizliIletisimIsim_Gactive" value="false" />
    <int name="statuses_bar_bg_picker" value="-16777216" />
    <int name="quoted_name_picker" value="-16726785" />
    <int name="emojipopup_header" value="-16777216" />
    <boolean name="emojipopup_icons_Gactive" value="false" />
    <string name="aero_ikondegistir_aramaikonu">0</string>
    <int name="HomeBarText" value="-1" />
    <boolean name="imsHideRStatus" value="false" />
    <boolean name="ArsivlerKartTasarim" value="false" />
    <boolean name="log_show_name_check" value="true" />
    <boolean name="tabindicator_Gactive" value="false" />
    <int name="statuses_bar_text_picker" value="-1" />
    <boolean name="isSwipeEnabledV2" value="false" />
    <boolean name="Hide_contact_picker_section_other_contacts" value="false" />
    <int name="ModWdgStatusColor" value="-1" />
    <boolean name="arsiv_gizle" value="false" />
    <boolean name="seekbar_color_chat_picker_Gactive" value="false" />
    <boolean name="enable_ig_stories" value="false" />
    <int name="ModConPickColor" value="-16777216" />
    <string name="aero_gecis_efekti">0</string>
    <string name="key_story_view">3</string>
    <boolean name="Aero_AramaSimgesiGizle" value="false" />
    <boolean name="date_left_color_Gactive" value="false" />
    <boolean name="rvkdmsg_icon_color_Gactive" value="false" />
    <boolean name="yo_want_nightmode" value="true" />
    <boolean name="UnSeenColor_Gactive" value="false" />
    <boolean name="ModConBackColor_Gactive" value="false" />
    <string name="aero_ikondegistir_yenisohbet3">0</string>
    <int name="pic_chat_size_pickerV2" value="40" />
    <boolean name="custom_wall" value="false" />
    <boolean name="ModChatBubbleTextLeft_Gactive" value="false" />
    <string name="aero_ikondegistir_yenisohbet1">0</string>
    <boolean name="ModChatEntry_Gactive" value="false" />
    <string name="aero_ikondegistir_yenisohbet2">0</string>
    <boolean name="elapsed_time" value="false" />
    <int name="btn_voice_color_chat_picker" value="-16726785" />
    <boolean name="ModlastseenColor_Gactive" value="false" />
    <boolean name="aeroprimekartBorderWidth" value="false" />
    <boolean name="ModFabNormalColor_Gactive" value="false" />
    <boolean name="Audio_ears" value="false" />
    <int name="ModChatEntry" value="-15000805" />
    <int name="ModWdgBKColor" value="-16777216" />
    <boolean name="UstMetinleriGizle" value="false" />
    <int name="square_photo_ratio_picker" value="100" />
    <boolean name="statuses_bar_bg_picker_Gactive" value="false" />
    <int name="ModChatTextColor" value="-1" />
    <boolean name="group_participants_picV2" value="false" />
    <boolean name="ModWdgBKColor_Gactive" value="false" />
    <boolean name="participant_name_color_picker_Gactive" value="false" />
    <boolean name="enable_grp_separation" value="true" />
    <string name="hazar_bozkurt_sesler_gidenmesaj">0</string>
    <boolean name="ModChatBubbleHyperlinks_Gactive" value="false" />
    <int name="BadgePozisyonu" value="52" />
    <int name="SeenColor" value="-1" />
    <string name="aero_ikondegistir_yeniaramalar3">0</string>
    <int name="ModOnlineColor" value="-16726785" />
</map>
