[{"id":"62895704291992@s.whatsapp.net","name":"インドラ","age":"22","time":"cd7b99a22f992e09740f"},{"id":"6283878514447@s.whatsapp.net","name":"maroon ","age":"18","time":"64a1d8b5214dd53ca8cd"},{"id":"6283843535840@s.whatsapp.net","name":"ryan","age":"18","time":"44439d8f20269a6c7d3d"},{"id":"6281585621448@s.whatsapp.net","name":"NisaDurability","age":"13","time":"5c369135553b23ed1973"},{"id":"6288211308545@s.whatsapp.net","name":"Fadhil","age":"12","time":"c52ca28345e071d04b11"},{"id":"6281351692548@s.whatsapp.net","name":"kyuu","age":"19","time":"af7c81db5d55ae3e6182"},{"id":"62882020177294@s.whatsapp.net","name":"Fadlan","age":"15","time":"f1715fbfb3392560ed6a"},{"id":"6283138613993@s.whatsapp.net","name":"xenz","age":"18","time":"7397735d508c09260759"},{"id":"6281356112775@s.whatsapp.net","name":"kyuu","age":"17","time":"ba82a7baadb5f5210060"},{"id":"6285607265790@s.whatsapp.net","name":"fauzan","age":"14","time":"dd6987e838f23026b73a"},{"id":"6285649994523@s.whatsapp.net","name":"F4R3L","age":"19","time":"fbe5150ddcfd349d290c"},{"id":"6285788256193@s.whatsapp.net","name":"danizz","age":"12","time":"0473923ad13a324d1a98"},{"id":"628567821686@s.whatsapp.net","name":"bagas","age":"17","time":"2093dafcffc4527a2fbb"},{"id":"6285876213526@s.whatsapp.net","name":"idaman","age":"23","time":"5c66e5e67f846bce6ee0"},{"id":"6288214847994@s.whatsapp.net","name":"cle","age":"35","time":"21648b37aa42a1a32878"},{"id":"6282111859381@s.whatsapp.net","name":"nurfiit","age":"19","time":"272c41eb64413f92f7af"},{"id":"62895399735900@s.whatsapp.net","name":"novia","age":"31","time":"79cc16efff945564481a"},{"id":"6288210178862@s.whatsapp.net","name":"beaby","age":"21","time":"f66c5a863cbc2357b7a3"},{"id":"6281387009870@s.whatsapp.net","name":"MariaIntan🧋","age":"13","time":"e8b3598b7896514b540c"},{"id":"6285291576318@s.whatsapp.net","name":"oktober","age":"27","time":"b8d213ab85d684e5f75b"},{"id":"6281358522402@s.whatsapp.net","name":"keiji","age":"19","time":"92d2672dcb239ac2f78c"},{"id":"6289623678071@s.whatsapp.net","name":"thiia","age":"30","time":"349f28e078dbbe489daa"},{"id":"6285646683158@s.whatsapp.net","name":"Pramuka DAG","age":"40","time":"d257705bb0e16da74d5c"},{"id":"6289517414290@s.whatsapp.net","name":"faradita","age":"23","time":"3d94773cd4b8983c56bd"},{"id":"6282333255481@s.whatsapp.net","name":"Inge","age":"40","time":"e0a61602bed2f0be8e6f"},{"id":"6281290317166@s.whatsapp.net","name":"zea","age":"22","time":"a9ec25c494cbe13d21db"},{"id":"6281233572012@s.whatsapp.net","name":"naren","age":"16","time":"6c4e35b317b48fed1089"},{"id":"6285691008141@s.whatsapp.net","name":"alby","age":"18","time":"f7898c095725c2ee6e97"},{"id":"6288212191522@s.whatsapp.net","name":"Lutfi","age":"19","time":"7df8721a6359f3f215f3"},{"id":"6283856603081@s.whatsapp.net","name":"sp?","age":"19","time":"7a46b9764420878aaaf4"},{"id":"6281584935207@s.whatsapp.net","name":"Zach","age":"19","time":"25c34cf3bb80ffeaf5c7"},{"id":"6282272567801@s.whatsapp.net","name":"lupa","age":"23","time":"c5936dac335aeb673db5"},{"id":"6281351979453@s.whatsapp.net","name":"Akbar","age":"18","time":"7630eb01a54982b6c22e"},{"id":"6281222730117@s.whatsapp.net","name":"ryu","age":"13","time":"954e1ca728a5982e2b24"},{"id":"6285173023864@s.whatsapp.net","name":"black","age":"12","time":"e6a21898e88a86371596"},{"id":"62881038296472@s.whatsapp.net","name":"Zane Star","age":"24","time":"2481118f322ff42d2a78"},{"id":"6285878290152@s.whatsapp.net","name":".","age":"12","time":"ef576b8a23697c45fb3c"},{"id":"6281219629018@s.whatsapp.net","name":"Ray","age":"24","time":"5ae1bf5b24f779cc04df"},{"id":"6283849013237@s.whatsapp.net","name":"Kurumi","age":"17","time":"6ac0e246f8bc51cb75e5"},{"id":"6282320397886@s.whatsapp.net","name":"ardy","age":"21","time":"1f6bdf736c4463930b9d"},{"id":"966595489476@s.whatsapp.net","name":"kina","age":"15","time":"6ae2f1453005ecef4ba4"},{"id":"6283895713185@s.whatsapp.net","name":"arzen","age":"15","time":"0a1e29dd41dc33a95d86"},{"id":"6289515891956@s.whatsapp.net","name":"hunk","age":"35","time":"5df71b44cd8f1d2bc59f"},{"id":"6289518060081@s.whatsapp.net","name":"RAKA ","age":" 13","time":"4c9d5ee4974c4ee81a7d"},{"id":"13054335869@s.whatsapp.net","name":"Wahab","age":"18","time":"598a5f755107baa56980"},{"id":"6281351062646@s.whatsapp.net","name":"kyuuuuu","age":"17","time":"1511e0c89a240d82a7fd"},{"id":"48729754593@s.whatsapp.net","name":"ikyy","age":"26","time":"7884b464606c797f9513"},{"id":"6285774560074@s.whatsapp.net","name":"Kurumi","age":"16","time":"6d4658268de5a430d259"},{"id":"6283190469667@s.whatsapp.net","name":"erga","age":"12","time":"19bf6794438ba6de6528"},{"id":"6288263919891@s.whatsapp.net","name":"sanaoa","age":"45","time":"2e24e26e47f7e9ffad5c"},{"id":"6287760480575@s.whatsapp.net","name":"kyuu","age":"17","time":"96811ed5d731ff70cc93"},{"id":"6289686044386@s.whatsapp.net","name":"kuntul","age":"29","time":"ce8993919dfca3d924a1"},{"id":"62838973878486@s.whatsapp.net","name":"Darwin","age":"19","time":"2c2f667b4eda7bbde41e"},{"id":"6283865524252@s.whatsapp.net","name":"Filho","age":"14","time":"8e26735e05a82dfa7d0a"},{"id":"6282123627616@s.whatsapp.net","name":"Tyo","age":"22","time":"0f65f3ec5b226ac449ff"},{"id":"6281254541711@s.whatsapp.net","name":"caletz","age":"23","time":"b8d760373afde118f15f"}]